{
    "averge_document_length": {
        "stars": 6.175182481751825,
        "genres": 2.6806569343065694,
        "summaries": 374.3786496350365
    },
    "document_count": 1096
}